{"cameraMode":{"drawMode":0,"name":"Shaded","section":"Shading Mode"},"sceneLighting":true,"audioPlay":false,"sceneViewState":{"showFog":true,"showMaterialUpdate":false,"showSkybox":true,"showFlares":true,"showImageEffects":true,"showParticleSystems":true},"in2DMode":false,"pivot":{"x":0.9316617250442505,"y":-0.09204339981079102,"z":-0.7162318229675293},"rotation":{"x":-0.056693606078624728,"y":0.9387878179550171,"z":-0.28302130103111269,"w":-0.18805386126041413},"size":4.72752046585083,"orthographic":false}